veh_id,t_change,from_cell,to_cell,case,policy_src,thr,window_s,tol_s,note
0.0,52.0,2,1,C1_handover_normal,strict,2.9,3.0,0.1,
0.0,87.0,1,3,C1_handover_normal,strict,2.9,3.0,0.1,
1.0,37.0,5,2,C1_handover_normal,strict,2.9,3.0,0.1,
1.0,54.0,2,5,C1_handover_normal,strict,2.9,3.0,0.1,
1.0,58.0,5,2,C1_handover_normal,strict,2.9,3.0,0.1,
2.0,25.0,5,3,C1_handover_normal,strict,2.9,3.0,0.1,
2.0,52.0,3,5,C1_handover_normal,strict,2.9,3.0,0.1,
2.0,60.0,5,2,C1_handover_normal,strict,2.9,3.0,0.1,
3.0,51.0,3,1,C1_handover_normal,strict,2.9,3.0,0.1,
47.0,275.0,4,6,C4_no_estable,strict_burst_scan,2.9,3.0,0.1,enter_short_after_stable
47.0,277.0,4,4,C4_no_estable,strict_burst_scan,2.9,3.0,0.1,enter_short_after_stable
47.0,278.0,4,6,C2a_ABC,strict_burst,2.9,3.0,0.1,
47.0,339.0,6,7,C4_no_estable,strict_burst_scan,2.9,3.0,0.1,enter_short_after_stable
47.0,340.0,6,6,C4_no_estable,strict_burst_scan,2.9,3.0,0.1,enter_short_after_stable
47.0,341.0,6,7,C2a_ABC,strict_burst,2.9,3.0,0.1,
141.0,380.0,5,2,C1_handover_normal,strict,2.9,3.0,0.1,
141.0,398.0,2,5,C1_handover_normal,strict,2.9,3.0,0.1,
141.0,402.0,5,2,C1_handover_normal,strict,2.9,3.0,0.1,
141.0,416.0,2,1,C1_handover_normal,strict,2.9,3.0,0.1,
141.0,445.0,1,4,C1_handover_normal,strict,2.9,3.0,0.1,
510.0,1031.0,6,4,C1_handover_normal,strict,2.9,3.0,0.1,
510.0,1038.0,4,6,C4_no_estable,strict_burst_scan,2.9,3.0,0.1,enter_short_after_stable
510.0,1040.0,4,4,C4_no_estable,strict_burst_scan,2.9,3.0,0.1,enter_short_after_stable
510.0,1041.0,4,6,C4_no_estable,strict_burst_scan,2.9,3.0,0.1,enter_short_after_stable
510.0,1044.0,4,4,C4_no_estable,strict_burst_scan,2.9,3.0,0.1,enter_short_after_stable
510.0,1046.0,4,6,C4_no_estable,strict_burst_scan,2.9,3.0,0.1,enter_short_after_stable
510.0,1049.0,4,4,C3_pingpong,strict_burst,2.9,3.0,0.1,stable->shorts->same_stable
510.0,1139.0,4,1,C1_handover_normal,strict,2.9,3.0,0.1,
510.0,1171.0,1,2,C1_handover_normal,strict,2.9,3.0,0.1,
510.0,1185.0,2,5,C1_handover_normal,strict,2.9,3.0,0.1,
759.0,1539.0,4,6,C1_handover_normal,strict,2.9,3.0,0.1,
759.0,1580.0,6,4,C1_handover_normal,strict,2.9,3.0,0.1,
759.0,1637.0,4,1,C1_handover_normal,strict,2.9,3.0,0.1,
759.0,1661.0,1,3,C1_handover_normal,strict,2.9,3.0,0.1,
759.0,1711.0,3,5,C4_no_estable,strict_burst_scan,2.9,3.0,0.1,enter_short_after_stable
759.0,1712.0,3,3,C4_no_estable,strict_burst_scan,2.9,3.0,0.1,enter_short_after_stable
759.0,1713.0,3,5,C2a_ABC,strict_burst,2.9,3.0,0.1,
